-- MySQL dump 10.13  Distrib 8.0.38, for Win64 (x86_64)
--
-- Host: localhost    Database: quanlikhohang
-- ------------------------------------------------------
-- Server version	8.4.2

/*!40101 SET @OLD_CHARACTER_SET_CLIENT=@@CHARACTER_SET_CLIENT */;
/*!40101 SET @OLD_CHARACTER_SET_RESULTS=@@CHARACTER_SET_RESULTS */;
/*!40101 SET @OLD_COLLATION_CONNECTION=@@COLLATION_CONNECTION */;
/*!50503 SET NAMES utf8 */;
/*!40103 SET @OLD_TIME_ZONE=@@TIME_ZONE */;
/*!40103 SET TIME_ZONE='+00:00' */;
/*!40014 SET @OLD_UNIQUE_CHECKS=@@UNIQUE_CHECKS, UNIQUE_CHECKS=0 */;
/*!40014 SET @OLD_FOREIGN_KEY_CHECKS=@@FOREIGN_KEY_CHECKS, FOREIGN_KEY_CHECKS=0 */;
/*!40101 SET @OLD_SQL_MODE=@@SQL_MODE, SQL_MODE='NO_AUTO_VALUE_ON_ZERO' */;
/*!40111 SET @OLD_SQL_NOTES=@@SQL_NOTES, SQL_NOTES=0 */;

--
-- Table structure for table `ctkiemke`
--

DROP TABLE IF EXISTS `ctkiemke`;
/*!40101 SET @saved_cs_client     = @@character_set_client */;
/*!50503 SET character_set_client = utf8mb4 */;
CREATE TABLE `ctkiemke` (
  `maphieukiemmke` int NOT NULL COMMENT 'Mã phiếu kiểm kê',
  `masanpham` int NOT NULL COMMENT 'Mã sản phẩm',
  `soluong` int NOT NULL,
  `chenhlech` int NOT NULL,
  `ghichu` varchar(255) COLLATE utf8mb4_general_ci NOT NULL,
  PRIMARY KEY (`maphieukiemmke`,`masanpham`),
  CONSTRAINT `FK_ctkiemke_phieukiemke` FOREIGN KEY (`maphieukiemmke`) REFERENCES `phieukiemke` (`maphieu`)
) ENGINE=InnoDB DEFAULT CHARSET=utf8mb4 COLLATE=utf8mb4_general_ci;
/*!40101 SET character_set_client = @saved_cs_client */;

--
-- Dumping data for table `ctkiemke`
--

LOCK TABLES `ctkiemke` WRITE;
/*!40000 ALTER TABLE `ctkiemke` DISABLE KEYS */;
/*!40000 ALTER TABLE `ctkiemke` ENABLE KEYS */;
UNLOCK TABLES;

--
-- Table structure for table `ctphieunhap`
--

DROP TABLE IF EXISTS `ctphieunhap`;
/*!40101 SET @saved_cs_client     = @@character_set_client */;
/*!50503 SET character_set_client = utf8mb4 */;
CREATE TABLE `ctphieunhap` (
  `maphieunhap` int NOT NULL,
  `maphienbansp` int NOT NULL DEFAULT '0',
  `soluong` int NOT NULL DEFAULT '0',
  `dongia` int NOT NULL DEFAULT '0',
  `hinhthucnhap` tinyint(1) NOT NULL DEFAULT '0',
  PRIMARY KEY (`maphieunhap`,`maphienbansp`)
) ENGINE=InnoDB DEFAULT CHARSET=utf8mb4 COLLATE=utf8mb4_general_ci;
/*!40101 SET character_set_client = @saved_cs_client */;

--
-- Dumping data for table `ctphieunhap`
--

LOCK TABLES `ctphieunhap` WRITE;
/*!40000 ALTER TABLE `ctphieunhap` DISABLE KEYS */;
INSERT INTO `ctphieunhap` VALUES (1,2,100,5000000,0),(1,17,25,7000000,0),(1,51,200,5000000,0);
/*!40000 ALTER TABLE `ctphieunhap` ENABLE KEYS */;
UNLOCK TABLES;

--
-- Table structure for table `ctphieuxuat`
--

DROP TABLE IF EXISTS `ctphieuxuat`;
/*!40101 SET @saved_cs_client     = @@character_set_client */;
/*!50503 SET character_set_client = utf8mb4 */;
CREATE TABLE `ctphieuxuat` (
  `maphieuxuat` int NOT NULL,
  `maphienbansp` int NOT NULL DEFAULT '0',
  `soluong` int NOT NULL DEFAULT '0',
  `dongia` int NOT NULL DEFAULT '0',
  PRIMARY KEY (`maphieuxuat`,`maphienbansp`),
  CONSTRAINT `FK__phieuxuat` FOREIGN KEY (`maphieuxuat`) REFERENCES `phieuxuat` (`maphieuxuat`)
) ENGINE=InnoDB DEFAULT CHARSET=utf8mb4 COLLATE=utf8mb4_general_ci;
/*!40101 SET character_set_client = @saved_cs_client */;

--
-- Dumping data for table `ctphieuxuat`
--

LOCK TABLES `ctphieuxuat` WRITE;
/*!40000 ALTER TABLE `ctphieuxuat` DISABLE KEYS */;
INSERT INTO `ctphieuxuat` VALUES (1,2,1,5500000),(2,51,3,5790000),(3,17,3,7800000),(3,51,2,5790000);
/*!40000 ALTER TABLE `ctphieuxuat` ENABLE KEYS */;
UNLOCK TABLES;

--
-- Table structure for table `ctquyen`
--

DROP TABLE IF EXISTS `ctquyen`;
/*!40101 SET @saved_cs_client     = @@character_set_client */;
/*!50503 SET character_set_client = utf8mb4 */;
CREATE TABLE `ctquyen` (
  `manhomquyen` int NOT NULL,
  `machucnang` varchar(50) COLLATE utf8mb4_general_ci NOT NULL,
  `hanhdong` varchar(50) COLLATE utf8mb4_general_ci NOT NULL,
  PRIMARY KEY (`manhomquyen`,`machucnang`,`hanhdong`) USING BTREE,
  CONSTRAINT `FK__nhomquyen` FOREIGN KEY (`manhomquyen`) REFERENCES `nhomquyen` (`manhomquyen`)
) ENGINE=InnoDB DEFAULT CHARSET=utf8mb4 COLLATE=utf8mb4_general_ci;
/*!40101 SET character_set_client = @saved_cs_client */;

--
-- Dumping data for table `ctquyen`
--

LOCK TABLES `ctquyen` WRITE;
/*!40000 ALTER TABLE `ctquyen` DISABLE KEYS */;
INSERT INTO `ctquyen` VALUES (1,'khachhang','create'),(1,'khachhang','delete'),(1,'khachhang','update'),(1,'khachhang','view'),(1,'khuvuckho','create'),(1,'khuvuckho','delete'),(1,'khuvuckho','update'),(1,'khuvuckho','view'),(1,'nhacungcap','create'),(1,'nhacungcap','delete'),(1,'nhacungcap','update'),(1,'nhacungcap','view'),(1,'nhanvien','create'),(1,'nhanvien','delete'),(1,'nhanvien','update'),(1,'nhanvien','view'),(1,'nhaphang','create'),(1,'nhaphang','delete'),(1,'nhaphang','update'),(1,'nhaphang','view'),(1,'nhomquyen','create'),(1,'nhomquyen','delete'),(1,'nhomquyen','update'),(1,'nhomquyen','view'),(1,'sanpham','create'),(1,'sanpham','delete'),(1,'sanpham','update'),(1,'sanpham','view'),(1,'taikhoan','create'),(1,'taikhoan','delete'),(1,'taikhoan','update'),(1,'taikhoan','view'),(1,'thongke','create'),(1,'thongke','delete'),(1,'thongke','update'),(1,'thongke','view'),(1,'thuoctinh','create'),(1,'thuoctinh','delete'),(1,'thuoctinh','update'),(1,'thuoctinh','view'),(1,'xuathang','create'),(1,'xuathang','delete'),(1,'xuathang','update'),(1,'xuathang','view'),(2,'khuvuckho','create'),(2,'khuvuckho','update'),(2,'khuvuckho','view'),(2,'nhacungcap','create'),(2,'nhacungcap','update'),(2,'nhacungcap','view'),(2,'nhaphang','create'),(2,'nhaphang','update'),(2,'nhaphang','view'),(2,'sanpham','create'),(2,'sanpham','update'),(2,'sanpham','view'),(2,'thuoctinh','create'),(2,'thuoctinh','delete'),(2,'thuoctinh','update'),(2,'thuoctinh','view'),(3,'khachhang','create'),(3,'khachhang','update'),(3,'khachhang','view'),(3,'sanpham','update'),(3,'sanpham','view'),(3,'xuathang','create'),(3,'xuathang','update'),(3,'xuathang','view'),(4,'donvitinh','view'),(4,'khuvuckho','view'),(4,'kiemke','view'),(4,'loaisanpham','view'),(4,'nhacungcap','view'),(5,'khachhang','view'),(5,'khuvuckho','view'),(6,'khuvuckho','view'),(6,'kiemke','view'),(6,'loaisanpham','view'),(6,'nhacungcap','view'),(6,'nhanvien','view'),(7,'loaisanpham','create'),(7,'nhanvien','create'),(7,'sanpham','create'),(7,'xuathang','create'),(8,'donvitinh','view'),(9,'khachhang','view'),(9,'khuvuckho','view'),(10,'khachhang','view'),(10,'khuvuckho','view'),(10,'nhanvien','view');
/*!40000 ALTER TABLE `ctquyen` ENABLE KEYS */;
UNLOCK TABLES;

--
-- Table structure for table `ctsanpham`
--

DROP TABLE IF EXISTS `ctsanpham`;
/*!40101 SET @saved_cs_client     = @@character_set_client */;
/*!50503 SET character_set_client = utf8mb4 */;
CREATE TABLE `ctsanpham` (
  `maimei` varchar(255) COLLATE utf8mb4_general_ci NOT NULL DEFAULT 'AUTO_INCREMENT' COMMENT 'Mã imei của sản phẩm',
  `maphienbansp` int NOT NULL,
  `maphieunhap` int NOT NULL,
  `maphieuxuat` int DEFAULT NULL,
  `tinhtrang` int NOT NULL,
  PRIMARY KEY (`maimei`) USING BTREE
) ENGINE=InnoDB DEFAULT CHARSET=utf8mb4 COLLATE=utf8mb4_general_ci;
/*!40101 SET character_set_client = @saved_cs_client */;

--
-- Dumping data for table `ctsanpham`
--

LOCK TABLES `ctsanpham` WRITE;
/*!40000 ALTER TABLE `ctsanpham` DISABLE KEYS */;
INSERT INTO `ctsanpham` VALUES ('100000000000000',17,1,3,0),('100000000000001',17,1,NULL,1),('100000000000002',17,1,3,0),('100000000000003',17,1,NULL,1),('100000000000004',17,1,NULL,1),('100000000000005',17,1,NULL,1),('100000000000006',17,1,NULL,1),('100000000000007',17,1,3,0),('100000000000008',17,1,NULL,1),('100000000000009',17,1,NULL,1),('100000000000010',17,1,NULL,1),('100000000000011',17,1,NULL,1),('100000000000012',17,1,NULL,1),('100000000000013',17,1,NULL,1),('100000000000014',17,1,NULL,1),('100000000000015',17,1,NULL,1),('100000000000016',17,1,NULL,1),('100000000000017',17,1,NULL,1),('100000000000018',17,1,NULL,1),('100000000000019',17,1,NULL,1),('100000000000020',17,1,NULL,1),('100000000000021',17,1,NULL,1),('100000000000022',17,1,NULL,1),('100000000000023',17,1,NULL,1),('100000000000024',17,1,NULL,1),('101000000000000',2,1,1,0),('101000000000001',2,1,NULL,1),('101000000000002',2,1,NULL,1),('101000000000003',2,1,NULL,1),('101000000000004',2,1,NULL,1),('101000000000005',2,1,NULL,1),('101000000000006',2,1,NULL,1),('101000000000007',2,1,NULL,1),('101000000000008',2,1,NULL,1),('101000000000009',2,1,NULL,1),('101000000000010',2,1,NULL,1),('101000000000011',2,1,NULL,1),('101000000000012',2,1,NULL,1),('101000000000013',2,1,NULL,1),('101000000000014',2,1,NULL,1),('101000000000015',2,1,NULL,1),('101000000000016',2,1,NULL,1),('101000000000017',2,1,NULL,1),('101000000000018',2,1,NULL,1),('101000000000019',2,1,NULL,1),('101000000000020',2,1,NULL,1),('101000000000021',2,1,NULL,1),('101000000000022',2,1,NULL,1),('101000000000023',2,1,NULL,1),('101000000000024',2,1,NULL,1),('101000000000025',2,1,NULL,1),('101000000000026',2,1,NULL,1),('101000000000027',2,1,NULL,1),('101000000000028',2,1,NULL,1),('101000000000029',2,1,NULL,1),('101000000000030',2,1,NULL,1),('101000000000031',2,1,NULL,1),('101000000000032',2,1,NULL,1),('101000000000033',2,1,NULL,1),('101000000000034',2,1,NULL,1),('101000000000035',2,1,NULL,1),('101000000000036',2,1,NULL,1),('101000000000037',2,1,NULL,1),('101000000000038',2,1,NULL,1),('101000000000039',2,1,NULL,1),('101000000000040',2,1,NULL,1),('101000000000041',2,1,NULL,1),('101000000000042',2,1,NULL,1),('101000000000043',2,1,NULL,1),('101000000000044',2,1,NULL,1),('101000000000045',2,1,NULL,1),('101000000000046',2,1,NULL,1),('101000000000047',2,1,NULL,1),('101000000000048',2,1,NULL,1),('101000000000049',2,1,NULL,1),('101000000000050',2,1,NULL,1),('101000000000051',2,1,NULL,1),('101000000000052',2,1,NULL,1),('101000000000053',2,1,NULL,1),('101000000000054',2,1,NULL,1),('101000000000055',2,1,NULL,1),('101000000000056',2,1,NULL,1),('101000000000057',2,1,NULL,1),('101000000000058',2,1,NULL,1),('101000000000059',2,1,NULL,1),('101000000000060',2,1,NULL,1),('101000000000061',2,1,NULL,1),('101000000000062',2,1,NULL,1),('101000000000063',2,1,NULL,1),('101000000000064',2,1,NULL,1),('101000000000065',2,1,NULL,1),('101000000000066',2,1,NULL,1),('101000000000067',2,1,NULL,1),('101000000000068',2,1,NULL,1),('101000000000069',2,1,NULL,1),('101000000000070',2,1,NULL,1),('101000000000071',2,1,NULL,1),('101000000000072',2,1,NULL,1),('101000000000073',2,1,NULL,1),('101000000000074',2,1,NULL,1),('101000000000075',2,1,NULL,1),('101000000000076',2,1,NULL,1),('101000000000077',2,1,NULL,1),('101000000000078',2,1,NULL,1),('101000000000079',2,1,NULL,1),('101000000000080',2,1,NULL,1),('101000000000081',2,1,NULL,1),('101000000000082',2,1,NULL,1),('101000000000083',2,1,NULL,1),('101000000000084',2,1,NULL,1),('101000000000085',2,1,NULL,1),('101000000000086',2,1,NULL,1),('101000000000087',2,1,NULL,1),('101000000000088',2,1,NULL,1),('101000000000089',2,1,NULL,1),('101000000000090',2,1,NULL,1),('101000000000091',2,1,NULL,1),('101000000000092',2,1,NULL,1),('101000000000093',2,1,NULL,1),('101000000000094',2,1,NULL,1),('101000000000095',2,1,NULL,1),('101000000000096',2,1,NULL,1),('101000000000097',2,1,NULL,1),('101000000000098',2,1,NULL,1),('101000000000099',2,1,NULL,1),('103000000000050',27,2,NULL,1),('103000000000051',27,2,NULL,1),('103000000000052',27,2,NULL,1),('103000000000053',27,2,NULL,1),('103000000000054',27,2,NULL,1),('103000000000055',27,2,NULL,1),('103000000000056',27,2,NULL,1),('103000000000057',27,2,NULL,1),('103000000000058',27,2,NULL,1),('103000000000059',27,2,NULL,1),('103000000000060',27,2,NULL,1),('103000000000061',27,2,NULL,1),('103000000000062',27,2,NULL,1),('103000000000063',27,2,NULL,1),('103000000000064',27,2,NULL,1),('103000000000065',27,2,NULL,1),('103000000000066',27,2,NULL,1),('103000000000067',27,2,NULL,1),('103000000000068',27,2,NULL,1),('103000000000069',27,2,NULL,1),('103000000000070',27,2,NULL,1),('103000000000071',27,2,NULL,1),('103000000000072',27,2,NULL,1),('103000000000073',27,2,NULL,1),('103000000000074',27,2,NULL,1),('104000000000000',31,2,NULL,1),('104000000000001',31,2,NULL,1),('104000000000002',31,2,NULL,1),('104000000000003',31,2,NULL,1),('104000000000004',31,2,NULL,1),('104000000000005',31,2,NULL,1),('104000000000006',31,2,NULL,1),('104000000000007',31,2,NULL,1),('104000000000008',31,2,NULL,1),('104000000000009',31,2,NULL,1),('104000000000010',31,2,NULL,1),('104000000000011',31,2,NULL,1),('104000000000012',31,2,NULL,1),('104000000000013',31,2,NULL,1),('104000000000014',31,2,NULL,1),('104000000000015',31,2,NULL,1),('104000000000016',31,2,NULL,1),('104000000000017',31,2,NULL,1),('104000000000018',31,2,NULL,1),('104000000000019',31,2,NULL,1),('104000000000020',31,2,NULL,1),('104000000000021',31,2,NULL,1),('104000000000022',31,2,NULL,1),('104000000000023',31,2,NULL,1),('104000000000024',31,2,NULL,1),('104000000000025',31,2,NULL,1),('104000000000026',31,2,NULL,1),('104000000000027',31,2,NULL,1),('104000000000028',31,2,NULL,1),('104000000000029',31,2,NULL,1),('104000000000030',31,2,NULL,1),('104000000000031',31,2,NULL,1),('104000000000032',31,2,NULL,1),('104000000000033',31,2,NULL,1),('104000000000034',31,2,NULL,1),('104000000000035',31,2,NULL,1),('104000000000036',31,2,NULL,1),('104000000000037',31,2,NULL,1),('104000000000038',31,2,NULL,1),('104000000000039',31,2,NULL,1),('104000000000040',31,2,NULL,1),('104000000000041',31,2,NULL,1),('104000000000042',31,2,NULL,1),('104000000000043',31,2,NULL,1),('104000000000044',31,2,NULL,1),('104000000000045',31,2,NULL,1),('104000000000046',31,2,NULL,1),('104000000000047',31,2,NULL,1),('104000000000048',31,2,NULL,1),('104000000000049',31,2,NULL,1),('104000000000050',31,2,NULL,1),('104000000000051',31,2,NULL,1),('104000000000052',31,2,NULL,1),('104000000000053',31,2,NULL,1),('104000000000054',31,2,NULL,1),('104000000000055',31,2,NULL,1),('104000000000056',31,2,NULL,1),('104000000000057',31,2,NULL,1),('104000000000058',31,2,NULL,1),('104000000000059',31,2,NULL,1),('104000000000060',31,2,NULL,1),('104000000000061',31,2,NULL,1),('104000000000062',31,2,NULL,1),('104000000000063',31,2,NULL,1),('104000000000064',31,2,NULL,1),('104000000000065',31,2,NULL,1),('104000000000066',31,2,NULL,1),('104000000000067',31,2,NULL,1),('104000000000068',31,2,NULL,1),('104000000000069',31,2,NULL,1),('104000000000070',31,2,NULL,1),('104000000000071',31,2,NULL,1),('104000000000072',31,2,NULL,1),('104000000000073',31,2,NULL,1),('104000000000074',31,2,NULL,1),('104000000000075',31,2,NULL,1),('104000000000076',31,2,NULL,1),('104000000000077',31,2,NULL,1),('104000000000078',31,2,NULL,1),('104000000000079',31,2,NULL,1),('104000000000080',31,2,NULL,1),('104000000000081',31,2,NULL,1),('104000000000082',31,2,NULL,1),('104000000000083',31,2,NULL,1),('104000000000084',31,2,NULL,1),('104000000000085',31,2,NULL,1),('104000000000086',31,2,NULL,1),('104000000000087',31,2,NULL,1),('104000000000088',31,2,NULL,1),('104000000000089',31,2,NULL,1),('104000000000090',31,2,NULL,1),('104000000000091',31,2,NULL,1),('104000000000092',31,2,NULL,1),('104000000000093',31,2,NULL,1),('104000000000094',31,2,NULL,1),('104000000000095',31,2,NULL,1),('104000000000096',31,2,NULL,1),('104000000000097',31,2,NULL,1),('104000000000098',31,2,NULL,1),('104000000000099',31,2,NULL,1),('104000000000100',31,2,NULL,1),('104000000000101',31,2,NULL,1),('104000000000102',31,2,NULL,1),('104000000000103',31,2,NULL,1),('104000000000104',31,2,NULL,1),('104000000000105',31,2,NULL,1),('104000000000106',31,2,NULL,1),('104000000000107',31,2,NULL,1),('104000000000108',31,2,NULL,1),('104000000000109',31,2,NULL,1),('104000000000110',31,2,NULL,1),('104000000000111',31,2,NULL,1),('104000000000112',31,2,NULL,1),('104000000000113',31,2,NULL,1),('104000000000114',31,2,NULL,1),('104000000000115',31,2,NULL,1),('104000000000116',31,2,NULL,1),('104000000000117',31,2,NULL,1),('104000000000118',31,2,NULL,1),('104000000000119',31,2,NULL,1),('104000000000120',31,2,NULL,1),('104000000000121',31,2,NULL,1),('104000000000122',31,2,NULL,1),('104000000000123',31,2,NULL,1),('104000000000124',31,2,NULL,1),('104000000000125',31,2,NULL,1),('104000000000126',31,2,NULL,1),('104000000000127',31,2,NULL,1),('104000000000128',31,2,NULL,1),('104000000000129',31,2,NULL,1),('104000000000130',31,2,NULL,1),('104000000000131',31,2,NULL,1),('104000000000132',31,2,NULL,1),('104000000000133',31,2,NULL,1),('104000000000134',31,2,NULL,1),('104000000000135',31,2,NULL,1),('104000000000136',31,2,NULL,1),('104000000000137',31,2,NULL,1),('104000000000138',31,2,NULL,1),('104000000000139',31,2,NULL,1),('104000000000140',31,2,NULL,1),('104000000000141',31,2,NULL,1),('104000000000142',31,2,NULL,1),('104000000000143',31,2,NULL,1),('104000000000144',31,2,NULL,1),('104000000000145',31,2,NULL,1),('104000000000146',31,2,NULL,1),('104000000000147',31,2,NULL,1),('104000000000148',31,2,NULL,1),('104000000000149',31,2,NULL,1),('105000000000000',51,1,2,0),('105000000000001',51,1,2,0),('105000000000002',51,1,2,0),('105000000000003',51,1,NULL,1),('105000000000004',51,1,NULL,1),('105000000000005',51,1,NULL,1),('105000000000006',51,1,3,0),('105000000000007',51,1,3,0),('105000000000008',51,1,NULL,1),('105000000000009',51,1,NULL,1),('105000000000010',51,1,NULL,1),('105000000000011',51,1,NULL,1),('105000000000012',51,1,NULL,1),('105000000000013',51,1,NULL,1),('105000000000014',51,1,NULL,1),('105000000000015',51,1,NULL,1),('105000000000016',51,1,NULL,1),('105000000000017',51,1,NULL,1),('105000000000018',51,1,NULL,1),('105000000000019',51,1,NULL,1),('105000000000020',51,1,NULL,1),('105000000000021',51,1,NULL,1),('105000000000022',51,1,NULL,1),('105000000000023',51,1,NULL,1),('105000000000024',51,1,NULL,1),('105000000000025',51,1,NULL,1),('105000000000026',51,1,NULL,1),('105000000000027',51,1,NULL,1),('105000000000028',51,1,NULL,1),('105000000000029',51,1,NULL,1),('105000000000030',51,1,NULL,1),('105000000000031',51,1,NULL,1),('105000000000032',51,1,NULL,1),('105000000000033',51,1,NULL,1),('105000000000034',51,1,NULL,1),('105000000000035',51,1,NULL,1),('105000000000036',51,1,NULL,1),('105000000000037',51,1,NULL,1),('105000000000038',51,1,NULL,1),('105000000000039',51,1,NULL,1),('105000000000040',51,1,NULL,1),('105000000000041',51,1,NULL,1),('105000000000042',51,1,NULL,1),('105000000000043',51,1,NULL,1),('105000000000044',51,1,NULL,1),('105000000000045',51,1,NULL,1),('105000000000046',51,1,NULL,1),('105000000000047',51,1,NULL,1),('105000000000048',51,1,NULL,1),('105000000000049',51,1,NULL,1),('105000000000050',51,1,NULL,1),('105000000000051',51,1,NULL,1),('105000000000052',51,1,NULL,1),('105000000000053',51,1,NULL,1),('105000000000054',51,1,NULL,1),('105000000000055',51,1,NULL,1),('105000000000056',51,1,NULL,1),('105000000000057',51,1,NULL,1),('105000000000058',51,1,NULL,1),('105000000000059',51,1,NULL,1),('105000000000060',51,1,NULL,1),('105000000000061',51,1,NULL,1),('105000000000062',51,1,NULL,1),('105000000000063',51,1,NULL,1),('105000000000064',51,1,NULL,1),('105000000000065',51,1,NULL,1),('105000000000066',51,1,NULL,1),('105000000000067',51,1,NULL,1),('105000000000068',51,1,NULL,1),('105000000000069',51,1,NULL,1),('105000000000070',51,1,NULL,1),('105000000000071',51,1,NULL,1),('105000000000072',51,1,NULL,1),('105000000000073',51,1,NULL,1),('105000000000074',51,1,NULL,1),('105000000000075',51,1,NULL,1),('105000000000076',51,1,NULL,1),('105000000000077',51,1,NULL,1),('105000000000078',51,1,NULL,1),('105000000000079',51,1,NULL,1),('105000000000080',51,1,NULL,1),('105000000000081',51,1,NULL,1),('105000000000082',51,1,NULL,1),('105000000000083',51,1,NULL,1),('105000000000084',51,1,NULL,1),('105000000000085',51,1,NULL,1),('105000000000086',51,1,NULL,1),('105000000000087',51,1,NULL,1),('105000000000088',51,1,NULL,1),('105000000000089',51,1,NULL,1),('105000000000090',51,1,NULL,1),('105000000000091',51,1,NULL,1),('105000000000092',51,1,NULL,1),('105000000000093',51,1,NULL,1),('105000000000094',51,1,NULL,1),('105000000000095',51,1,NULL,1),('105000000000096',51,1,NULL,1),('105000000000097',51,1,NULL,1),('105000000000098',51,1,NULL,1),('105000000000099',51,1,NULL,1),('105000000000100',51,1,NULL,1),('105000000000101',51,1,NULL,1),('105000000000102',51,1,NULL,1),('105000000000103',51,1,NULL,1),('105000000000104',51,1,NULL,1),('105000000000105',51,1,NULL,1),('105000000000106',51,1,NULL,1),('105000000000107',51,1,NULL,1),('105000000000108',51,1,NULL,1),('105000000000109',51,1,NULL,1),('105000000000110',51,1,NULL,1),('105000000000111',51,1,NULL,1),('105000000000112',51,1,NULL,1),('105000000000113',51,1,NULL,1),('105000000000114',51,1,NULL,1),('105000000000115',51,1,NULL,1),('105000000000116',51,1,NULL,1),('105000000000117',51,1,NULL,1),('105000000000118',51,1,NULL,1),('105000000000119',51,1,NULL,1),('105000000000120',51,1,NULL,1),('105000000000121',51,1,NULL,1),('105000000000122',51,1,NULL,1),('105000000000123',51,1,NULL,1),('105000000000124',51,1,NULL,1),('105000000000125',51,1,NULL,1),('105000000000126',51,1,NULL,1),('105000000000127',51,1,NULL,1),('105000000000128',51,1,NULL,1),('105000000000129',51,1,NULL,1),('105000000000130',51,1,NULL,1),('105000000000131',51,1,NULL,1),('105000000000132',51,1,NULL,1),('105000000000133',51,1,NULL,1),('105000000000134',51,1,NULL,1),('105000000000135',51,1,NULL,1),('105000000000136',51,1,NULL,1),('105000000000137',51,1,NULL,1),('105000000000138',51,1,NULL,1),('105000000000139',51,1,NULL,1),('105000000000140',51,1,NULL,1),('105000000000141',51,1,NULL,1),('105000000000142',51,1,NULL,1),('105000000000143',51,1,NULL,1),('105000000000144',51,1,NULL,1),('105000000000145',51,1,NULL,1),('105000000000146',51,1,NULL,1),('105000000000147',51,1,NULL,1),('105000000000148',51,1,NULL,1),('105000000000149',51,1,NULL,1),('105000000000150',51,1,NULL,1),('105000000000151',51,1,NULL,1),('105000000000152',51,1,NULL,1),('105000000000153',51,1,NULL,1),('105000000000154',51,1,NULL,1),('105000000000155',51,1,NULL,1),('105000000000156',51,1,NULL,1),('105000000000157',51,1,NULL,1),('105000000000158',51,1,NULL,1),('105000000000159',51,1,NULL,1),('105000000000160',51,1,NULL,1),('105000000000161',51,1,NULL,1),('105000000000162',51,1,NULL,1),('105000000000163',51,1,NULL,1),('105000000000164',51,1,NULL,1),('105000000000165',51,1,NULL,1),('105000000000166',51,1,NULL,1),('105000000000167',51,1,NULL,1),('105000000000168',51,1,NULL,1),('105000000000169',51,1,NULL,1),('105000000000170',51,1,NULL,1),('105000000000171',51,1,NULL,1),('105000000000172',51,1,NULL,1),('105000000000173',51,1,NULL,1),('105000000000174',51,1,NULL,1),('105000000000175',51,1,NULL,1),('105000000000176',51,1,NULL,1),('105000000000177',51,1,NULL,1),('105000000000178',51,1,NULL,1),('105000000000179',51,1,NULL,1),('105000000000180',51,1,NULL,1),('105000000000181',51,1,NULL,1),('105000000000182',51,1,NULL,1),('105000000000183',51,1,NULL,1),('105000000000184',51,1,NULL,1),('105000000000185',51,1,NULL,1),('105000000000186',51,1,NULL,1),('105000000000187',51,1,NULL,1),('105000000000188',51,1,NULL,1),('105000000000189',51,1,NULL,1),('105000000000190',51,1,NULL,1),('105000000000191',51,1,NULL,1),('105000000000192',51,1,NULL,1),('105000000000193',51,1,NULL,1),('105000000000194',51,1,NULL,1),('105000000000195',51,1,NULL,1),('105000000000196',51,1,NULL,1),('105000000000197',51,1,NULL,1),('105000000000198',51,1,NULL,1),('105000000000199',51,1,NULL,1),('853057665280041',31,13,NULL,1),('853057665280042',31,13,NULL,1),('853057665280043',31,13,NULL,1),('853057665280044',31,13,NULL,1),('853057665280045',31,13,NULL,1),('853057665280046',31,13,NULL,1),('853057665280047',31,13,NULL,1),('853057665280048',31,13,NULL,1),('853057665280049',31,13,NULL,1),('876068039547345',75,17,18,0),('876068039547346',75,17,18,0),('876068039547347',75,17,18,0),('876068039547348',75,17,NULL,1),('876068039547349',75,17,NULL,1),('876068039547350',75,17,NULL,1),('876068039547351',75,17,NULL,1),('876068039547352',75,17,NULL,1),('876068039547353',75,17,NULL,1),('912609172880156',17,10,10,0),('919448001026640',49,13,NULL,1),('919448001026641',49,13,NULL,1),('919448001026642',49,13,NULL,1),('919448001026643',49,13,NULL,1),('919448001026644',49,13,NULL,1),('919448001026645',49,13,NULL,1),('919448001026646',49,13,24,0),('919448001026647',49,13,24,0),('919448001026648',49,13,24,0),('919448001026649',49,13,NULL,1),('919448001026650',49,13,NULL,1),('919448001026651',49,13,NULL,1),('919448001026652',49,13,NULL,1),('919448001026653',49,13,NULL,1),('919448001026654',49,13,NULL,1),('919448001026655',49,13,NULL,1),('919448001026656',49,13,NULL,1),('919448001026657',49,13,NULL,1),('919448001026658',49,13,NULL,1),('919448001026659',49,13,NULL,1),('919448001026660',49,13,NULL,1),('919448001026661',49,13,NULL,1),('919448001026662',49,13,NULL,1),('919448001026663',49,13,NULL,1),('919448001026664',49,13,NULL,1),('919448001026665',49,13,NULL,1),('919448001026666',49,13,NULL,1),('919448001026667',49,13,NULL,1),('919448001026668',49,13,NULL,1),('919448001026669',49,13,NULL,1),('964768426041520',89,18,17,0),('964768426041521',89,18,17,0),('964768426041522',89,18,17,0),('964768426041523',89,18,17,0),('964768426041524',89,18,17,0),('968080239661041',2,11,13,0);
/*!40000 ALTER TABLE `ctsanpham` ENABLE KEYS */;
UNLOCK TABLES;

--
-- Table structure for table `danhmucchucnang`
--

DROP TABLE IF EXISTS `danhmucchucnang`;
/*!40101 SET @saved_cs_client     = @@character_set_client */;
/*!50503 SET character_set_client = utf8mb4 */;
CREATE TABLE `danhmucchucnang` (
  `machucnang` varchar(50) COLLATE utf8mb4_general_ci NOT NULL,
  `tenchucnang` varchar(255) COLLATE utf8mb4_general_ci NOT NULL,
  `trangthai` int NOT NULL,
  PRIMARY KEY (`machucnang`)
) ENGINE=InnoDB DEFAULT CHARSET=utf8mb4 COLLATE=utf8mb4_general_ci;
/*!40101 SET character_set_client = @saved_cs_client */;

--
-- Dumping data for table `danhmucchucnang`
--

LOCK TABLES `danhmucchucnang` WRITE;
/*!40000 ALTER TABLE `danhmucchucnang` DISABLE KEYS */;
INSERT INTO `danhmucchucnang` VALUES ('khachhang','Quản lý khách hàng',0),('khuvuckho','Quản lý khu vực kho',0),('nhacungcap','Quản lý nhà cung cấp',0),('nhanvien','Quản lý nhân viên',0),('nhaphang','Quản lý nhập hàng',0),('nhomquyen','Quản lý nhóm quyền',0),('sanpham','Quản lý sản phẩm',0),('taikhoan','Quản lý tài khoản',0),('thongke','Quản lý thống kê',0),('thuoctinh','Quản lý thuộc tính',0),('xuathang','Quản lý xuất hàng',0);
/*!40000 ALTER TABLE `danhmucchucnang` ENABLE KEYS */;
UNLOCK TABLES;

--
-- Table structure for table `dungluongram`
--

DROP TABLE IF EXISTS `dungluongram`;
/*!40101 SET @saved_cs_client     = @@character_set_client */;
/*!50503 SET character_set_client = utf8mb4 */;
CREATE TABLE `dungluongram` (
  `madlram` int NOT NULL AUTO_INCREMENT,
  `kichthuocram` int DEFAULT NULL,
  `trangthai` tinyint DEFAULT '1',
  PRIMARY KEY (`madlram`)
) ENGINE=InnoDB AUTO_INCREMENT=8 DEFAULT CHARSET=utf8mb4 COLLATE=utf8mb4_general_ci;
/*!40101 SET character_set_client = @saved_cs_client */;

--
-- Dumping data for table `dungluongram`
--

LOCK TABLES `dungluongram` WRITE;
/*!40000 ALTER TABLE `dungluongram` DISABLE KEYS */;
INSERT INTO `dungluongram` VALUES (1,3,1),(2,2,1),(3,4,1),(4,6,1),(5,8,1),(6,12,1);
/*!40000 ALTER TABLE `dungluongram` ENABLE KEYS */;
UNLOCK TABLES;

--
-- Table structure for table `dungluongrom`
--

DROP TABLE IF EXISTS `dungluongrom`;
/*!40101 SET @saved_cs_client     = @@character_set_client */;
/*!50503 SET character_set_client = utf8mb4 */;
CREATE TABLE `dungluongrom` (
  `madlrom` int NOT NULL AUTO_INCREMENT,
  `kichthuocrom` int DEFAULT NULL,
  `trangthai` tinyint DEFAULT '1',
  PRIMARY KEY (`madlrom`)
) ENGINE=InnoDB AUTO_INCREMENT=7 DEFAULT CHARSET=utf8mb4 COLLATE=utf8mb4_general_ci;
/*!40101 SET character_set_client = @saved_cs_client */;

--
-- Dumping data for table `dungluongrom`
--

LOCK TABLES `dungluongrom` WRITE;
/*!40000 ALTER TABLE `dungluongrom` DISABLE KEYS */;
INSERT INTO `dungluongrom` VALUES (1,32,1),(2,64,1),(3,128,1),(4,256,1),(5,512,1),(6,1024,1);
/*!40000 ALTER TABLE `dungluongrom` ENABLE KEYS */;
UNLOCK TABLES;

--
-- Table structure for table `hedieuhanh`
--

DROP TABLE IF EXISTS `hedieuhanh`;
/*!40101 SET @saved_cs_client     = @@character_set_client */;
/*!50503 SET character_set_client = utf8mb4 */;
CREATE TABLE `hedieuhanh` (
  `mahedieuhanh` int NOT NULL AUTO_INCREMENT,
  `tenhedieuhanh` varchar(255) COLLATE utf8mb4_general_ci NOT NULL,
  `trangthai` tinyint(1) DEFAULT NULL,
  PRIMARY KEY (`mahedieuhanh`) USING BTREE
) ENGINE=InnoDB AUTO_INCREMENT=4 DEFAULT CHARSET=utf8mb4 COLLATE=utf8mb4_general_ci;
/*!40101 SET character_set_client = @saved_cs_client */;

--
-- Dumping data for table `hedieuhanh`
--

LOCK TABLES `hedieuhanh` WRITE;
/*!40000 ALTER TABLE `hedieuhanh` DISABLE KEYS */;
INSERT INTO `hedieuhanh` VALUES (1,'Android',1),(2,'IOS',1),(3,'',0);
/*!40000 ALTER TABLE `hedieuhanh` ENABLE KEYS */;
UNLOCK TABLES;

--
-- Table structure for table `khachhang`
--

DROP TABLE IF EXISTS `khachhang`;
/*!40101 SET @saved_cs_client     = @@character_set_client */;
/*!50503 SET character_set_client = utf8mb4 */;
CREATE TABLE `khachhang` (
  `makh` int NOT NULL AUTO_INCREMENT,
  `tenkhachhang` varchar(255) COLLATE utf8mb4_general_ci NOT NULL,
  `diachi` varchar(255) COLLATE utf8mb4_general_ci NOT NULL,
  `sdt` varchar(255) COLLATE utf8mb4_general_ci NOT NULL,
  `trangthai` int NOT NULL,
  `ngaythamgia` datetime NOT NULL DEFAULT CURRENT_TIMESTAMP,
  PRIMARY KEY (`makh`)
) ENGINE=InnoDB AUTO_INCREMENT=43 DEFAULT CHARSET=utf8mb4 COLLATE=utf8mb4_general_ci;
/*!40101 SET character_set_client = @saved_cs_client */;

--
-- Dumping data for table `khachhang`
--

LOCK TABLES `khachhang` WRITE;
/*!40000 ALTER TABLE `khachhang` DISABLE KEYS */;
INSERT INTO `khachhang` VALUES (1,'Nguyễn Văn A','Gia Đức, Ân Đức, Hoài Ân, Bình Định','0387913347',1,'2023-04-19 09:52:29'),(2,'Trần Nhất Nhất','205 Trần Hưng Đạo, Phường 10, Quận 5, Thành phố Hồ Chí Minh','0123456789',1,'2023-04-19 09:52:29'),(3,'Hoàng Gia Bo','Khoa Trường, Hoài Ân, Bình Định','0987654321',1,'2023-04-19 09:52:29'),(4,'Hồ Minh Hưng','Khoa Trường, Hoài Ân, Bình Định','0867987456',1,'2023-04-19 09:52:29'),(29,'Nguyễn Thị Minh Anh','123 Phố Huế, Quận Hai Bà Trưng, Hà Nội','0935123456',1,'2023-04-30 17:59:57'),(30,'Trần Đức Minh','789 Đường Lê Hồng Phong, Thành phố Đà Nẵng','0983456789',1,'2023-04-30 18:08:12'),(31,'Lê Hải Yến','456 Tôn Thất Thuyết, Quận 4, Thành phố Hồ Chí Minh','0977234567',1,'2023-04-30 18:08:47'),(32,'Phạm Thanh Hằng','102 Lê Duẩn, Thành phố Hải Phòng','0965876543',1,'2023-04-30 18:12:59'),(33,'Hoàng Đức Anh','321 Lý Thường Kiệt, Thành phố Cần Thơ','0946789012',1,'2023-04-30 18:13:47'),(34,'Ngô Thanh Tùng','987 Trần Hưng Đạo, Quận 1, Thành phố Hồ Chí Minh','0912345678',1,'2023-04-30 18:14:12'),(35,'Võ Thị Kim Ngân','555 Nguyễn Văn Linh, Quận Nam Từ Liêm, Hà Nội','0916789123',1,'2023-04-30 18:15:11'),(36,'Đỗ Văn Tú','777 Hùng Vương, Thành phố Huế','0982345678',1,'2023-04-30 18:15:56'),(37,'Lý Thanh Trúc','888 Nguyễn Thái Học, Quận Ba Đình, Hà Nội','0982123456',1,'2023-04-30 18:16:22'),(38,'Bùi Văn Hoàng','222 Đường 2/4, Thành phố Nha Trang','0933789012',1,'2023-04-30 18:16:53'),(39,'Lê Văn Thành','23 Đường 3 Tháng 2, Quận 10, TP. Hồ Chí Minh','0933456789',1,'2023-04-30 18:17:46'),(40,'Nguyễn Thị Lan Anh','456 Lê Lợi, Quận 1, TP. Hà Nội','0965123456',1,'2023-04-30 18:18:10'),(41,'Phạm Thị Mai','234 Lê Hồng Phong, Quận 5, TP. Hồ Chí Minh','0946789012',1,'2023-04-30 18:18:34'),(42,'Hoàng Văn Nam',' 567 Phố Huế, Quận Hai Bà Trưng, Hà Nội','0912345678',1,'2023-04-30 18:19:16');
/*!40000 ALTER TABLE `khachhang` ENABLE KEYS */;
UNLOCK TABLES;

--
-- Table structure for table `khuvuckho`
--

DROP TABLE IF EXISTS `khuvuckho`;
/*!40101 SET @saved_cs_client     = @@character_set_client */;
/*!50503 SET character_set_client = utf8mb4 */;
CREATE TABLE `khuvuckho` (
  `makhuvuc` int NOT NULL AUTO_INCREMENT,
  `tenkhuvuc` varchar(255) COLLATE utf8mb4_general_ci NOT NULL,
  `ghichu` varchar(255) COLLATE utf8mb4_general_ci NOT NULL,
  `trangthai` int NOT NULL,
  PRIMARY KEY (`makhuvuc`)
) ENGINE=InnoDB AUTO_INCREMENT=6 DEFAULT CHARSET=utf8mb4 COLLATE=utf8mb4_general_ci;
/*!40101 SET character_set_client = @saved_cs_client */;

--
-- Dumping data for table `khuvuckho`
--

LOCK TABLES `khuvuckho` WRITE;
/*!40000 ALTER TABLE `khuvuckho` DISABLE KEYS */;
INSERT INTO `khuvuckho` VALUES (1,'Khu vực A','Apple',1),(2,'Khu vực B','Xiaomi',1),(3,'Khu vực C','Samsung',1),(4,'Khu vực D','Realme',1),(5,'Khu vực E','Oppo',1);
/*!40000 ALTER TABLE `khuvuckho` ENABLE KEYS */;
UNLOCK TABLES;

--
-- Table structure for table `mausac`
--

DROP TABLE IF EXISTS `mausac`;
/*!40101 SET @saved_cs_client     = @@character_set_client */;
/*!50503 SET character_set_client = utf8mb4 */;
CREATE TABLE `mausac` (
  `mamau` int NOT NULL AUTO_INCREMENT,
  `tenmau` varchar(50) COLLATE utf8mb4_general_ci NOT NULL DEFAULT '0',
  `trangthai` tinyint DEFAULT '1',
  PRIMARY KEY (`mamau`),
  UNIQUE KEY `tenmau` (`tenmau`)
) ENGINE=InnoDB AUTO_INCREMENT=14 DEFAULT CHARSET=utf8mb4 COLLATE=utf8mb4_general_ci;
/*!40101 SET character_set_client = @saved_cs_client */;

--
-- Dumping data for table `mausac`
--

LOCK TABLES `mausac` WRITE;
/*!40000 ALTER TABLE `mausac` DISABLE KEYS */;
INSERT INTO `mausac` VALUES (1,'Xanh',1),(2,'Đỏ',1),(3,'Vàng',1),(4,'Bạc',1),(5,'Hồng',1),(6,'Đen',1),(7,'Xanh ngọc',1),(8,'Tím',1),(9,'Xanh dương',1),(10,'Xanh lá',1),(11,'Cam',1),(12,'Xám',1),(13,'Trắng',1);
/*!40000 ALTER TABLE `mausac` ENABLE KEYS */;
UNLOCK TABLES;

--
-- Table structure for table `nhacungcap`
--

DROP TABLE IF EXISTS `nhacungcap`;
/*!40101 SET @saved_cs_client     = @@character_set_client */;
/*!50503 SET character_set_client = utf8mb4 */;
CREATE TABLE `nhacungcap` (
  `manhacungcap` int NOT NULL AUTO_INCREMENT,
  `tennhacungcap` varchar(255) COLLATE utf8mb4_general_ci NOT NULL,
  `diachi` varchar(255) COLLATE utf8mb4_general_ci NOT NULL,
  `email` varchar(255) COLLATE utf8mb4_general_ci NOT NULL,
  `sdt` varchar(255) COLLATE utf8mb4_general_ci NOT NULL,
  `trangthai` int NOT NULL DEFAULT '1',
  PRIMARY KEY (`manhacungcap`)
) ENGINE=InnoDB AUTO_INCREMENT=8 DEFAULT CHARSET=utf8mb4 COLLATE=utf8mb4_general_ci;
/*!40101 SET character_set_client = @saved_cs_client */;

--
-- Dumping data for table `nhacungcap`
--

LOCK TABLES `nhacungcap` WRITE;
/*!40000 ALTER TABLE `nhacungcap` DISABLE KEYS */;
INSERT INTO `nhacungcap` VALUES (1,'Công Ty TNHH Thế Giới Di Động',' Phòng 6.5, Tầng6, Tòa Nhà E. Town 2, 364 Cộng Hòa, P. 13, Q. Tân Bình, Tp. Hồ Chí Minh','lienhe@thegioididong.com','02835100100',1),(2,'Công ty Vivo Việt Nam','Số 79 đường số 6, Hưng Phước 4, Phú Mỹ Hưng, quận 7, TPHCM','contact@paviet.vn','19009477',1),(3,'Công Ty TNHH Bao La','8/38 Đinh Bô Lĩnh, P.24, Q. Bình Thạnh, Tp. Hồ Chí Minh','contact@baola.vn','02835119060',1),(4,'Công Ty Nokia','Phòng 703, Tầng7, Tòa Nhà Metropolitan, 235 Đồng Khởi, P. Bến Nghé, Q. 1, Tp. Hồ Chí Minh (TPHCM)','chau.nguyen@nokia.com','02838236894',1),(5,'Hệ Thống Phân Phối Chính Hãng Xiaomi','261 Lê Lợi, P. Lê Lợi, Q. Ngô Quyền, Tp. Hải Phòng','info@mihome.vn','0365888866',1),(6,'Công Ty Samsung Việt Nam','Tòa nhà tài chính Bitexco, 2 Hải Triều, Bến Nghé, Quận 1, Thành phố Hồ Chí Minh','contact@samsung.vn','0988788456',1),(7,'Công ty Oppo Việt Nam','27 Đ. Nguyễn Trung Trực, Phường Bến Thành, Quận 1, Thành phố Hồ Chí Minh','oppovietnam@oppo.vn','0456345234',1);
/*!40000 ALTER TABLE `nhacungcap` ENABLE KEYS */;
UNLOCK TABLES;

--
-- Table structure for table `nhanvien`
--

DROP TABLE IF EXISTS `nhanvien`;
/*!40101 SET @saved_cs_client     = @@character_set_client */;
/*!50503 SET character_set_client = utf8mb4 */;
CREATE TABLE `nhanvien` (
  `manv` int NOT NULL AUTO_INCREMENT,
  `hoten` varchar(255) COLLATE utf8mb4_general_ci NOT NULL,
  `gioitinh` int NOT NULL,
  `ngaysinh` date NOT NULL,
  `sdt` varchar(50) COLLATE utf8mb4_general_ci NOT NULL,
  `email` varchar(255) COLLATE utf8mb4_general_ci NOT NULL,
  `trangthai` int NOT NULL,
  PRIMARY KEY (`manv`)
) ENGINE=InnoDB AUTO_INCREMENT=6 DEFAULT CHARSET=utf8mb4 COLLATE=utf8mb4_general_ci;
/*!40101 SET character_set_client = @saved_cs_client */;

--
-- Dumping data for table `nhanvien`
--

LOCK TABLES `nhanvien` WRITE;
/*!40000 ALTER TABLE `nhanvien` DISABLE KEYS */;
INSERT INTO `nhanvien` VALUES (1,'Minh Thái',1,'2003-12-20','0387913347','transinh085@gmail.com',1),(2,'Minh Thái',1,'2023-04-11','0355374322','musicanime2501@gmail.com',1),(3,'Minh Thái',1,'2003-04-11','0123456789','chinchin@gmail.com',1),(4,'Minh Thái',1,'2003-04-03','0123456789','ngocan@gmail.com',1),(5,'Minh Thái',1,'2023-05-06','0123456789','hieu@gmail.com',1);
/*!40000 ALTER TABLE `nhanvien` ENABLE KEYS */;
UNLOCK TABLES;

--
-- Table structure for table `nhomquyen`
--

DROP TABLE IF EXISTS `nhomquyen`;
/*!40101 SET @saved_cs_client     = @@character_set_client */;
/*!50503 SET character_set_client = utf8mb4 */;
CREATE TABLE `nhomquyen` (
  `manhomquyen` int NOT NULL AUTO_INCREMENT,
  `tennhomquyen` varchar(255) COLLATE utf8mb4_general_ci NOT NULL,
  `trangthai` int NOT NULL,
  PRIMARY KEY (`manhomquyen`)
) ENGINE=InnoDB AUTO_INCREMENT=11 DEFAULT CHARSET=utf8mb4 COLLATE=utf8mb4_general_ci;
/*!40101 SET character_set_client = @saved_cs_client */;

--
-- Dumping data for table `nhomquyen`
--

LOCK TABLES `nhomquyen` WRITE;
/*!40000 ALTER TABLE `nhomquyen` DISABLE KEYS */;
INSERT INTO `nhomquyen` VALUES (1,'Quản lý kho',1),(2,'Nhân viên nhập hàng',1),(3,'Nhân viên xuất hàng',1),(4,'Thủ kho',0),(5,'Nhân viên kiểm kho',0),(6,'tesst',0),(7,'',0),(8,'ok',0),(9,'ok',0),(10,'abc',1);
/*!40000 ALTER TABLE `nhomquyen` ENABLE KEYS */;
UNLOCK TABLES;

--
-- Table structure for table `phienbansanpham`
--

DROP TABLE IF EXISTS `phienbansanpham`;
/*!40101 SET @saved_cs_client     = @@character_set_client */;
/*!50503 SET character_set_client = utf8mb4 */;
CREATE TABLE `phienbansanpham` (
  `maphienbansp` int NOT NULL AUTO_INCREMENT,
  `masp` int DEFAULT NULL,
  `rom` int DEFAULT NULL,
  `ram` int DEFAULT '0',
  `mausac` int DEFAULT NULL,
  `gianhap` int DEFAULT NULL,
  `giaxuat` int DEFAULT NULL,
  `soluongton` int DEFAULT '0',
  `trangthai` tinyint(1) NOT NULL DEFAULT '1',
  PRIMARY KEY (`maphienbansp`) USING BTREE,
  KEY `FK_phienbansanpham_sanpham` (`masp`),
  CONSTRAINT `FK_phienbansanpham_sanpham` FOREIGN KEY (`masp`) REFERENCES `sanpham` (`masp`)
) ENGINE=InnoDB AUTO_INCREMENT=126 DEFAULT CHARSET=utf8mb4 COLLATE=utf8mb4_general_ci;
/*!40101 SET character_set_client = @saved_cs_client */;

--
-- Dumping data for table `phienbansanpham`
--

LOCK TABLES `phienbansanpham` WRITE;
/*!40000 ALTER TABLE `phienbansanpham` DISABLE KEYS */;
INSERT INTO `phienbansanpham` VALUES (2,1,1,1,1,5000000,5500000,99,1),(15,1,3,4,1,6000000,6500000,0,1),(17,2,3,5,1,7000000,7800000,22,1),(19,3,3,3,5,15000000,16500000,0,1),(21,3,3,3,6,15000000,16500000,0,1),(23,3,3,3,1,15500000,17000000,0,1),(24,4,1,1,1,2000000,2890000,0,1),(25,4,1,1,1,2000000,2890000,0,0),(26,4,1,1,1,2000000,2890000,0,0),(27,4,1,1,6,2000000,2890000,0,1),(28,4,2,1,6,2500000,3390000,0,1),(29,4,2,1,1,2500000,3390000,0,1),(31,5,3,5,8,8000000,9000000,0,1),(33,5,3,5,6,8000000,9000000,0,1),(35,5,3,5,1,8000000,9000000,0,1),(37,5,4,5,1,9000000,10000000,0,1),(39,5,4,5,6,9000000,10000000,0,1),(41,5,4,5,8,9000000,10000000,0,1),(43,6,3,3,9,3000000,4100000,0,1),(45,6,3,3,6,3000000,4100000,0,1),(47,6,3,4,6,3200000,4400000,0,1),(49,6,3,4,9,3200000,4400000,0,1),(51,7,3,5,9,5000000,5790000,195,1),(53,7,3,5,10,5000000,5790000,0,1),(55,7,3,3,9,4000000,4890000,0,1),(57,7,3,3,10,4000000,4890000,0,1),(58,7,3,5,12,5000000,5790000,0,1),(59,7,3,3,12,4000000,4890000,0,1),(61,8,2,3,9,2000000,2990000,0,1),(63,8,2,3,10,2000000,2990000,0,1),(65,8,2,3,12,2000000,2990000,0,1),(67,8,3,3,9,2200000,3290000,0,1),(69,8,3,3,10,2200000,3290000,0,1),(71,8,3,3,12,2200000,3290000,0,1),(73,9,4,5,10,8200000,9500000,0,1),(75,9,4,5,9,8200000,9500000,0,1),(77,10,3,3,11,3600000,4700000,0,1),(79,10,3,3,6,3600000,4700000,0,1),(81,10,3,3,9,3600000,4700000,0,1),(83,10,3,4,11,4100000,5200000,0,1),(85,10,3,4,6,4100000,5200000,0,1),(87,10,3,4,9,4100000,5200000,0,1),(89,11,4,5,6,5200000,6400000,0,1),(91,11,4,5,13,5200000,6400000,0,1),(93,12,2,3,13,2500000,3000000,0,1),(95,12,2,3,9,2500000,3000000,0,1),(97,13,3,5,13,14000000,16000000,0,1),(99,13,3,5,10,14000000,16000000,0,1),(101,13,3,5,4,14000000,16000000,0,1),(103,13,3,5,6,14000000,16000000,0,1),(105,13,4,5,13,16000000,18000000,0,1),(107,13,4,5,10,16000000,18000000,0,1),(109,13,4,5,4,16000000,18000000,0,1),(111,13,4,5,6,16000000,18000000,0,1),(113,14,4,5,1,12000000,14000000,0,1),(115,15,3,5,4,4500000,5500000,0,1),(117,15,3,5,6,4500000,5500000,0,1),(118,1,1,1,1,5000000,5500000,0,0),(119,2,3,5,1,7000000,7800000,0,0),(120,1,1,1,1,5000000,5500000,0,0),(121,1,1,1,1,5000000,5500000,0,0),(122,1,1,1,1,5000000,5500000,0,0),(123,1,3,4,2,6000000,6500000,0,0),(125,17,1,1,1,2500000,3000000,0,1);
/*!40000 ALTER TABLE `phienbansanpham` ENABLE KEYS */;
UNLOCK TABLES;

--
-- Table structure for table `phieubaohanh`
--

DROP TABLE IF EXISTS `phieubaohanh`;
/*!40101 SET @saved_cs_client     = @@character_set_client */;
/*!50503 SET character_set_client = utf8mb4 */;
CREATE TABLE `phieubaohanh` (
  `maphieubaohanh` int NOT NULL AUTO_INCREMENT,
  `maimei` varchar(255) COLLATE utf8mb4_general_ci NOT NULL,
  `lydo` varchar(50) COLLATE utf8mb4_general_ci NOT NULL,
  `thoigian` datetime NOT NULL DEFAULT CURRENT_TIMESTAMP,
  `thoigiantra` datetime DEFAULT NULL,
  PRIMARY KEY (`maphieubaohanh`)
) ENGINE=InnoDB DEFAULT CHARSET=utf8mb4 COLLATE=utf8mb4_general_ci;
/*!40101 SET character_set_client = @saved_cs_client */;

--
-- Dumping data for table `phieubaohanh`
--

LOCK TABLES `phieubaohanh` WRITE;
/*!40000 ALTER TABLE `phieubaohanh` DISABLE KEYS */;
/*!40000 ALTER TABLE `phieubaohanh` ENABLE KEYS */;
UNLOCK TABLES;

--
-- Table structure for table `phieudoi`
--

DROP TABLE IF EXISTS `phieudoi`;
/*!40101 SET @saved_cs_client     = @@character_set_client */;
/*!50503 SET character_set_client = utf8mb4 */;
CREATE TABLE `phieudoi` (
  `maphieudoi` tinyint NOT NULL DEFAULT '0',
  `maimei` varchar(255) COLLATE utf8mb4_general_ci NOT NULL,
  `lydo` varchar(255) COLLATE utf8mb4_general_ci NOT NULL,
  `thoigian` datetime NOT NULL DEFAULT CURRENT_TIMESTAMP,
  `nguoitao` int NOT NULL,
  PRIMARY KEY (`maphieudoi`),
  KEY `FK_phieudoi_ctsanpham` (`maimei`),
  KEY `FK_phieudoi_taikhoan` (`nguoitao`),
  CONSTRAINT `FK_phieudoi_ctsanpham` FOREIGN KEY (`maimei`) REFERENCES `ctsanpham` (`maimei`),
  CONSTRAINT `FK_phieudoi_taikhoan` FOREIGN KEY (`nguoitao`) REFERENCES `taikhoan` (`manv`)
) ENGINE=InnoDB DEFAULT CHARSET=utf8mb4 COLLATE=utf8mb4_general_ci;
/*!40101 SET character_set_client = @saved_cs_client */;

--
-- Dumping data for table `phieudoi`
--

LOCK TABLES `phieudoi` WRITE;
/*!40000 ALTER TABLE `phieudoi` DISABLE KEYS */;
/*!40000 ALTER TABLE `phieudoi` ENABLE KEYS */;
UNLOCK TABLES;

--
-- Table structure for table `phieukiemke`
--

DROP TABLE IF EXISTS `phieukiemke`;
/*!40101 SET @saved_cs_client     = @@character_set_client */;
/*!50503 SET character_set_client = utf8mb4 */;
CREATE TABLE `phieukiemke` (
  `maphieu` int NOT NULL AUTO_INCREMENT,
  `thoigian` datetime NOT NULL DEFAULT CURRENT_TIMESTAMP,
  `nguoitaophieukiemke` int NOT NULL,
  PRIMARY KEY (`maphieu`),
  KEY `FK_phieukiemke_taikhoan` (`nguoitaophieukiemke`),
  CONSTRAINT `FK_phieukiemke_taikhoan` FOREIGN KEY (`nguoitaophieukiemke`) REFERENCES `taikhoan` (`manv`)
) ENGINE=InnoDB DEFAULT CHARSET=utf8mb4 COLLATE=utf8mb4_general_ci;
/*!40101 SET character_set_client = @saved_cs_client */;

--
-- Dumping data for table `phieukiemke`
--

LOCK TABLES `phieukiemke` WRITE;
/*!40000 ALTER TABLE `phieukiemke` DISABLE KEYS */;
/*!40000 ALTER TABLE `phieukiemke` ENABLE KEYS */;
UNLOCK TABLES;

--
-- Table structure for table `phieunhap`
--

DROP TABLE IF EXISTS `phieunhap`;
/*!40101 SET @saved_cs_client     = @@character_set_client */;
/*!50503 SET character_set_client = utf8mb4 */;
CREATE TABLE `phieunhap` (
  `maphieunhap` int NOT NULL AUTO_INCREMENT,
  `thoigian` datetime DEFAULT CURRENT_TIMESTAMP,
  `manhacungcap` int NOT NULL,
  `nguoitao` int NOT NULL,
  `tongtien` bigint NOT NULL DEFAULT '0',
  `trangthai` int NOT NULL DEFAULT '1',
  PRIMARY KEY (`maphieunhap`),
  KEY `FK_phieunhap_nhacungcap` (`manhacungcap`),
  KEY `FK_phieunhap_taikhoan` (`nguoitao`),
  CONSTRAINT `FK_phieunhap_nhacungcap` FOREIGN KEY (`manhacungcap`) REFERENCES `nhacungcap` (`manhacungcap`),
  CONSTRAINT `FK_phieunhap_taikhoan` FOREIGN KEY (`nguoitao`) REFERENCES `taikhoan` (`manv`)
) ENGINE=InnoDB AUTO_INCREMENT=24 DEFAULT CHARSET=utf8mb4 COLLATE=utf8mb4_general_ci;
/*!40101 SET character_set_client = @saved_cs_client */;

--
-- Dumping data for table `phieunhap`
--

LOCK TABLES `phieunhap` WRITE;
/*!40000 ALTER TABLE `phieunhap` DISABLE KEYS */;
INSERT INTO `phieunhap` VALUES (1,'2024-09-21 13:40:21',1,1,1675000000,1);
/*!40000 ALTER TABLE `phieunhap` ENABLE KEYS */;
UNLOCK TABLES;

--
-- Table structure for table `phieutra`
--

DROP TABLE IF EXISTS `phieutra`;
/*!40101 SET @saved_cs_client     = @@character_set_client */;
/*!50503 SET character_set_client = utf8mb4 */;
CREATE TABLE `phieutra` (
  `maphieutra` int NOT NULL AUTO_INCREMENT,
  `maimei` varchar(255) COLLATE utf8mb4_general_ci NOT NULL,
  `lydo` varchar(255) COLLATE utf8mb4_general_ci NOT NULL,
  `thoigian` datetime NOT NULL DEFAULT CURRENT_TIMESTAMP,
  `nguoitao` int NOT NULL,
  PRIMARY KEY (`maphieutra`),
  KEY `FK_phieutra_ctsanpham` (`maimei`),
  KEY `FK_phieutra_taikhoan` (`nguoitao`),
  CONSTRAINT `FK_phieutra_ctsanpham` FOREIGN KEY (`maimei`) REFERENCES `ctsanpham` (`maimei`),
  CONSTRAINT `FK_phieutra_taikhoan` FOREIGN KEY (`nguoitao`) REFERENCES `taikhoan` (`manv`)
) ENGINE=InnoDB DEFAULT CHARSET=utf8mb4 COLLATE=utf8mb4_general_ci;
/*!40101 SET character_set_client = @saved_cs_client */;

--
-- Dumping data for table `phieutra`
--

LOCK TABLES `phieutra` WRITE;
/*!40000 ALTER TABLE `phieutra` DISABLE KEYS */;
/*!40000 ALTER TABLE `phieutra` ENABLE KEYS */;
UNLOCK TABLES;

--
-- Table structure for table `phieuxuat`
--

DROP TABLE IF EXISTS `phieuxuat`;
/*!40101 SET @saved_cs_client     = @@character_set_client */;
/*!50503 SET character_set_client = utf8mb4 */;
CREATE TABLE `phieuxuat` (
  `maphieuxuat` int NOT NULL AUTO_INCREMENT,
  `thoigian` datetime NOT NULL DEFAULT CURRENT_TIMESTAMP,
  `tongtien` bigint DEFAULT NULL,
  `nguoitaophieuxuat` int DEFAULT NULL,
  `makh` int DEFAULT NULL,
  `trangthai` int DEFAULT NULL,
  PRIMARY KEY (`maphieuxuat`),
  KEY `FK_phieuxuat_khachhang` (`makh`),
  KEY `FK_phieuxuat_taikhoan` (`nguoitaophieuxuat`),
  CONSTRAINT `FK_phieuxuat_khachhang` FOREIGN KEY (`makh`) REFERENCES `khachhang` (`makh`),
  CONSTRAINT `FK_phieuxuat_taikhoan` FOREIGN KEY (`nguoitaophieuxuat`) REFERENCES `taikhoan` (`manv`)
) ENGINE=InnoDB AUTO_INCREMENT=26 DEFAULT CHARSET=utf8mb4 COLLATE=utf8mb4_general_ci;
/*!40101 SET character_set_client = @saved_cs_client */;

--
-- Dumping data for table `phieuxuat`
--

LOCK TABLES `phieuxuat` WRITE;
/*!40000 ALTER TABLE `phieuxuat` DISABLE KEYS */;
INSERT INTO `phieuxuat` VALUES (1,'2024-09-21 13:41:03',5500000,1,2,1),(2,'2024-09-21 13:41:41',17370000,1,1,1),(3,'2024-09-21 13:42:21',34980000,1,3,1);
/*!40000 ALTER TABLE `phieuxuat` ENABLE KEYS */;
UNLOCK TABLES;

--
-- Table structure for table `sanpham`
--

DROP TABLE IF EXISTS `sanpham`;
/*!40101 SET @saved_cs_client     = @@character_set_client */;
/*!50503 SET character_set_client = utf8mb4 */;
CREATE TABLE `sanpham` (
  `masp` int NOT NULL AUTO_INCREMENT,
  `tensp` varchar(255) COLLATE utf8mb4_general_ci DEFAULT NULL,
  `hinhanh` varchar(255) COLLATE utf8mb4_general_ci DEFAULT NULL,
  `xuatxu` int DEFAULT NULL,
  `chipxuly` varchar(255) COLLATE utf8mb4_general_ci DEFAULT NULL,
  `dungluongpin` int DEFAULT NULL,
  `kichthuocman` double DEFAULT NULL,
  `hedieuhanh` int DEFAULT NULL,
  `phienbanhdh` int DEFAULT NULL,
  `camerasau` varchar(255) COLLATE utf8mb4_general_ci DEFAULT NULL,
  `cameratruoc` varchar(255) COLLATE utf8mb4_general_ci DEFAULT NULL,
  `thoigianbaohanh` int DEFAULT NULL,
  `thuonghieu` int DEFAULT NULL,
  `khuvuckho` int DEFAULT NULL,
  `soluongton` int DEFAULT '0',
  `trangthai` tinyint(1) DEFAULT '1',
  PRIMARY KEY (`masp`) USING BTREE
) ENGINE=InnoDB AUTO_INCREMENT=18 DEFAULT CHARSET=utf8mb4 COLLATE=utf8mb4_general_ci;
/*!40101 SET character_set_client = @saved_cs_client */;

--
-- Dumping data for table `sanpham`
--

LOCK TABLES `sanpham` WRITE;
/*!40000 ALTER TABLE `sanpham` DISABLE KEYS */;
INSERT INTO `sanpham` VALUES (1,'Vivo Y22s','92vivo-y22s-vang-thumb-600x600.jpg',1,'SnapDragon 680',5000,6.55,1,12,'Chính 50 MP & Phụ 2 MP','8 MP',24,1,1,99,1),(2,'Samsung Galaxy A53 5G','57samsung-galaxy-a53-cam-thumb-1-600x600.jpg',1,'Exynos 1280',5000,6.5,1,12,'Chính 64 MP & Phụ 12 MP, 5 MP, 5 MP','32 MP',24,3,2,22,1),(3,'iPhone 13 mini','997iphone-13-mini-pink-1-600x600.jpg',1,' Apple A15 Bionic',2438,5.4,2,15,'2 camera 12 MP',' 12 MP',36,1,1,0,0),(4,'Vivo Y02s','74vivo-y02s-thumb-1-2-3-600x600.jpg',1,'MediaTek Helio P35',5000,6.51,1,12,'8 MP',' 5 MP',24,10,3,0,1),(5,'Samsung Galaxy A54 5G','399samsung-galaxy-a54-5g-tim-thumb-600x600.jpg',2,' Exynos 1380 8 nhân',5000,6.4,1,12,'Chính 50 MP & Phụ 12 MP, 5 MP',' 32 MP',24,3,3,0,1),(6,'Samsung Galaxy A13','337samsung-galaxy-a14-black-thumb-600x600.jpg',1,'Exynos 850',5000,6.6,1,12,'Chính 50 MP & Phụ 5 MP, 2 MP, 2 MP','8 MP',24,3,2,0,1),(7,'Xiaomi Redmi Note 12','717xiaomi-redmi-note-12-4g-mono-den-600x600.jpg',1,' Snapdragon 685 8 nhân',5000,6.67,1,12,'Chính 50 MP & Phụ 8 MP, 2 MP','13 MP',24,2,4,195,1),(8,'Xiaomi Redmi 12C','437xiaomi-redmi-12c-grey-thumb-600x600.jpg',1,'MediaTek Helio G85',5000,6.71,1,12,'Chính 50 MP & Phụ QVGA','5 MP',24,1,1,0,1),(9,'Samsung Galaxy S20 FE','286samsung-galaxy-s20-fan-edition-xanh-la-thumbnew-600x600.jpeg',1,'Snapdragon 865',4500,6.5,1,12,'Chính 12 MP & Phụ 12 MP, 8 MP','32 MP',24,3,4,0,1),(10,'Samsung Galaxy A23','826samsung-galaxy-a23-cam-thumb-600x600.jpg',1,'Snapdragon 680',5000,6.6,1,12,'Chính 50 MP & Phụ 5 MP, 2 MP, 2 MP','8 MP',24,1,1,0,1),(11,'Realme 10','877realme-10-thumb-1-600x600.jpg',1,'MediaTek Helio G99',5000,6.4,1,12,'Chính 50 MP & Phụ 2 MP','16 MP',24,11,1,0,1),(12,'Vivo Y21','960vivo-y21-blue-01-600x600.jpg',1,'MediaTek Helio P35',5000,6.51,1,12,'Chính 13 MP & Phụ 2 MP','8 MP',24,10,5,0,1),(13,'Samsung Galaxy S22+ 5G','177Galaxy-S22-Ultra-Burgundy-600x600.jpg',1,'Snapdragon 8 Gen 1',4500,6.6,1,12,'Chính 50 MP & Phụ 12 MP, 10 MP','10 MP',24,3,4,0,1),(14,'OPPO Reno6 Pro 5G','203oppo-reno6-pro-grey-600x600.jpg',1,'Snapdragon 870 5G',4500,6.55,1,11,'Chính 50 MP & Phụ 16 MP, 13 MP, 2 MP','32 MP',24,3,4,0,1),(15,' OPPO A95','555oppo-a95-4g-bac-2-600x600.jpg',1,'Snapdragon 662',5000,6.43,1,11,'Chính 48 MP & Phụ 2 MP, 2 MP','16 MP',24,1,1,0,1),(17,'Samsung Galaxy A53 5G S','74319198933.jpg',1,'chip a',5000,5.6,1,12,'msdf','dsfgfdg',24,1,1,0,0);
/*!40000 ALTER TABLE `sanpham` ENABLE KEYS */;
UNLOCK TABLES;

--
-- Table structure for table `taikhoan`
--

DROP TABLE IF EXISTS `taikhoan`;
/*!40101 SET @saved_cs_client     = @@character_set_client */;
/*!50503 SET character_set_client = utf8mb4 */;
CREATE TABLE `taikhoan` (
  `manv` int NOT NULL,
  `matkhau` varchar(255) COLLATE utf8mb4_general_ci NOT NULL,
  `manhomquyen` int NOT NULL,
  `tendangnhap` varchar(50) COLLATE utf8mb4_general_ci NOT NULL DEFAULT '',
  `trangthai` int NOT NULL,
  `otp` varchar(50) COLLATE utf8mb4_general_ci DEFAULT NULL,
  PRIMARY KEY (`manv`),
  UNIQUE KEY `tendangnhap` (`tendangnhap`),
  KEY `FK_taikhoan_nhomquyen` (`manhomquyen`),
  CONSTRAINT `FK_taikhoan_nhanvien` FOREIGN KEY (`manv`) REFERENCES `nhanvien` (`manv`),
  CONSTRAINT `FK_taikhoan_nhomquyen` FOREIGN KEY (`manhomquyen`) REFERENCES `nhomquyen` (`manhomquyen`)
) ENGINE=InnoDB DEFAULT CHARSET=utf8mb4 COLLATE=utf8mb4_general_ci;
/*!40101 SET character_set_client = @saved_cs_client */;

--
-- Dumping data for table `taikhoan`
--

LOCK TABLES `taikhoan` WRITE;
/*!40000 ALTER TABLE `taikhoan` DISABLE KEYS */;
INSERT INTO `taikhoan` VALUES (1,'$2a$12$6GSkiQ05XjTRvCW9MB6MNuf7hOJEbbeQx11Eb8oELil1OrCq6uBXm',1,'admin',1,'null'),(2,'$2a$12$SAlAhcsudMzNEouyBaoHnOKR23ixdH0ZkcoyXUJ5gS/NFt.b4oqw6',1,'hgbaodev',1,'451418'),(3,'$2a$12$SAlAhcsudMzNEouyBaoHnOKR23ixdH0ZkcoyXUJ5gS/NFt.b4oqw6',10,'chinh',1,NULL),(4,'$2a$12$SAlAhcsudMzNEouyBaoHnOKR23ixdH0ZkcoyXUJ5gS/NFt.b4oqw6',2,'ngocan',0,NULL),(5,'$2a$12$SAlAhcsudMzNEouyBaoHnOKR23ixdH0ZkcoyXUJ5gS/NFt.b4oqw6',3,'hieunek',0,NULL);
/*!40000 ALTER TABLE `taikhoan` ENABLE KEYS */;
UNLOCK TABLES;

--
-- Table structure for table `thuonghieu`
--

DROP TABLE IF EXISTS `thuonghieu`;
/*!40101 SET @saved_cs_client     = @@character_set_client */;
/*!50503 SET character_set_client = utf8mb4 */;
CREATE TABLE `thuonghieu` (
  `mathuonghieu` int NOT NULL AUTO_INCREMENT,
  `tenthuonghieu` varchar(255) COLLATE utf8mb4_general_ci NOT NULL,
  `trangthai` tinyint(1) NOT NULL DEFAULT '1',
  PRIMARY KEY (`mathuonghieu`) USING BTREE
) ENGINE=InnoDB AUTO_INCREMENT=15 DEFAULT CHARSET=utf8mb4 COLLATE=utf8mb4_general_ci;
/*!40101 SET character_set_client = @saved_cs_client */;

--
-- Dumping data for table `thuonghieu`
--

LOCK TABLES `thuonghieu` WRITE;
/*!40000 ALTER TABLE `thuonghieu` DISABLE KEYS */;
INSERT INTO `thuonghieu` VALUES (1,'Apple',1),(2,'Xiaomi',1),(3,'Samsung',1),(4,'Sữa tươi',0),(7,'g',0),(8,'',0),(9,'Oppo',1),(10,'Vivo',1),(11,'Realme',1),(12,'Nokia',1),(13,'Vsmart',1),(14,'Apple',0);
/*!40000 ALTER TABLE `thuonghieu` ENABLE KEYS */;
UNLOCK TABLES;

--
-- Table structure for table `xuatxu`
--

DROP TABLE IF EXISTS `xuatxu`;
/*!40101 SET @saved_cs_client     = @@character_set_client */;
/*!50503 SET character_set_client = utf8mb4 */;
CREATE TABLE `xuatxu` (
  `maxuatxu` int NOT NULL AUTO_INCREMENT,
  `tenxuatxu` varchar(50) COLLATE utf8mb4_general_ci NOT NULL,
  `trangthai` tinyint(1) DEFAULT '1',
  PRIMARY KEY (`maxuatxu`) USING BTREE
) ENGINE=InnoDB AUTO_INCREMENT=5 DEFAULT CHARSET=utf8mb4 COLLATE=utf8mb4_general_ci;
/*!40101 SET character_set_client = @saved_cs_client */;

--
-- Dumping data for table `xuatxu`
--

LOCK TABLES `xuatxu` WRITE;
/*!40000 ALTER TABLE `xuatxu` DISABLE KEYS */;
INSERT INTO `xuatxu` VALUES (1,'Trung Quốc',1),(2,'Hàn Quốc',1),(3,'Việt Nam',1),(4,'USA',1);
/*!40000 ALTER TABLE `xuatxu` ENABLE KEYS */;
UNLOCK TABLES;
/*!40103 SET TIME_ZONE=@OLD_TIME_ZONE */;

/*!40101 SET SQL_MODE=@OLD_SQL_MODE */;
/*!40014 SET FOREIGN_KEY_CHECKS=@OLD_FOREIGN_KEY_CHECKS */;
/*!40014 SET UNIQUE_CHECKS=@OLD_UNIQUE_CHECKS */;
/*!40101 SET CHARACTER_SET_CLIENT=@OLD_CHARACTER_SET_CLIENT */;
/*!40101 SET CHARACTER_SET_RESULTS=@OLD_CHARACTER_SET_RESULTS */;
/*!40101 SET COLLATION_CONNECTION=@OLD_COLLATION_CONNECTION */;
/*!40111 SET SQL_NOTES=@OLD_SQL_NOTES */;

-- Dump completed on 2024-09-21 13:43:49
